id,name,age
1,Yordan,36
2,Gabriela,50
3,Abby,64
4,Nora,67
5,Zia,85
6,Gwen,92
7,Mona,23
8,Elle,36
9,Petar,98
10,Vasil,55
11,Iliana,97
12,Diana,78
13,Poppy,81
14,Finn,91
15,Elle,76
16,Finn,65
17,Sia,90
18,Plamen,62
19,Margarita,85
20,Ivy,74
21,Wendy,43
22,Zara,46
23,Miroslav,91
24,Kai,68
25,Remy,57
26,Gia,90
27,Ben,39
28,Lena,71
29,Lyubka,90
30,Omar,54
31,Cara,68
32,Yael,84
33,Veda,61
34,Bianca,55
35,Brett,53
36,Otis,60
37,Anastasia,59
38,Chris,30
39,Todor,92
40,Galina,80
41,Xyla,95
42,Drew,43
43,Jay,61
44,Omar,98
45,Eva,42
46,Jace,43
47,Gia,78
48,Eva,62
49,Karen,26
50,Jace,47
51,Zane,63
52,Abby,52
53,Ivy,34
54,Quinn,100
55,Albena,71
56,Uly,92
57,Uly,40
58,Lena,83
59,Rose,83
60,Hank,99
61,Charlie,35
62,Gia,46
63,Violet,99
64,Violeta,73
65,Kai,36
66,Kate,38
67,Finn,37
68,Rita,38
69,Tsvetan,78
70,Abby,40
71,Rose,95
72,Sia,58
73,Silvia,76
74,Kai,76
75,Hazel,35
76,Ivy,72
77,Nedyalko,39
78,Lola,77
79,Stoyanka,95
80,Eric,58
81,Eddie,32
82,Remy,49
83,Borislav,83
84,Gia,38
85,Sage,76
86,Frank,40
87,Jace,35
88,Tony,79
89,Dax,37
90,Jackie,37
91,Eva,38
92,Remy,29
93,Ben,99
94,Otis,48
95,Nia,39
96,Xyla,35
97,Yael,76
98,Wade,100
99,Finn,89
100,Tony,31
101,Quincy,82
102,Poppy,73
103,Brett,61
104,Kai,56
105,Dax,49
106,Nia,71
107,Kaloyan,64
108,Gwen,72
109,Radoslav,56
110,Jay,93
111,Drew,63
112,Willa,50
113,Tony,71
114,Temenuzhka,96
115,Brett,41
116,Marc,96
117,Grigor,69
118,Zlatko,81
119,Jace,67
120,Dimitar,51
121,Owen,68
122,Zhivko,99
123,Lola,45
124,Finn,57
125,Zia,33
126,Sia,50
127,Hank,29
128,Miroslava,55
129,Kristina,57
130,Penka,57
131,Jace,95
132,Abby,60
133,Nia,59
134,Cara,80
135,Parvan,83
136,Otis,100
137,Lola,49
138,Helen,61
139,Yael,56
140,Iskren,88
141,Una,86
142,Vanya,61
143,Veda,41
144,Brett,85
145,Lyubomir,75
146,Elle,68
147,Veda,93
148,Emil,74
149,Sage,64
150,Lena,75
151,Finn,39
152,Rose,75
153,Ivy,68
154,Nina,53
155,Nina,73
156,Ben,79
157,Gia,58
158,Yael,32
159,Ivy,27
160,Natasa,74
161,Finn,83
162,Otis,52
163,Tess,47
164,Rose,31
165,Gwen,32
166,Tsvetana,61
167,Aria,34
168,Ivan,49
169,Ivy,46
170,Elle,44
171,Jay,29
172,Tony,59
173,Will,54
174,Dax,89
175,Omar,34
176,Cole,82
177,Yara,30
178,Zane,31
179,Veselin,31
180,Desislava,67
181,Nina,33
182,Xena,69
183,Eva,50
184,Marc,76
185,Veda,73
186,Ivy,40
187,Slavka,77
188,Marc,64
189,Finn,31
190,Wade,56
191,Radostina,95
192,Marcus,78
193,Oscar,36
194,Faye,85
195,Omar,74
196,Zornitsa,98
197,Milen,38
198,Rose,63
199,Nadezhda,82
200,Wade,60
201,Kai,62
202,Zelda,79
203,Wade,68
204,Yvonne,78
205,Uma,48
206,Zane,59
207,Kostadin,71
208,Zvezdelina,62
209,Jay,41
210,Marcus,98
211,Lena,63
212,Chloe,86
213,Georgi,47
214,Bob,25
215,Kai,70
216,Tate,97
217,Violet,59
218,Finn,77
219,Atanas,72
220,Rumen,79
221,Hope,33
222,Snezhana,100
223,Bistra,30
224,Jack,31
225,Kai,96
226,Cara,88
227,Stefan,58
228,Pia,75
229,Hank,47
230,Zia,37
231,Dax,29
232,Daisy,31
233,Chloe,54
234,Fiona,33
235,Becca,81
236,Aria,58
237,Riley,71
238,Sam,46
239,Drew,75
240,Radka,63
241,Aria,46
242,Tate,85
243,Uly,100
244,Wade,36
245,Yana,45
246,Violet,67
247,Pia,55
248,Sia,82
249,Gia,86
250,Remy,69
251,Dragan,66
252,Sia,30
253,Violet,35
254,Kai,90
255,Tate,65
256,Isla,88
257,Yara,90
258,Elle,64
259,Gus,34
260,Quinn,56
261,Liliya,37
262,Sage,44
263,Luke,65
264,Aria,38
265,Cvetan,65
266,Kai,50
267,Kai,94
268,Ivy,42
269,Quinn,44
270,Sonya,59
271,Yael,64
272,Lena,91
273,Valentin,68
274,Marc,92
275,Nia,47
276,Ira,62
277,Will,34
278,Kai,42
279,Uly,60
280,Pia,67
281,Gwen,44
282,Abby,72
283,Jace,75
284,Hank,67
285,Veda,81
286,Maria,48
287,Seth,72
288,Pia,79
289,Dax,61
290,Lubomir,54
291,Pia,99
292,Nina,65
293,Xena,49
294,Lena,43
295,Kai,44
296,Will,42
297,Uly,52
298,Abby,84
299,Hope,45
300,Zane,71
301,Quin,70
302,Hristo,87
303,Tate,57
304,Jace,87
305,Ben,87
306,Remy,37
307,Mia,40
308,Marcus,50
309,Violet,55
310,Marcus,38
311,Tony,91
312,Jay,89
313,Cara,36
314,Hope,85
315,Nikola,56
316,Kira,64
317,Chloe,62
318,Drew,87
319,Uly,32
320,Xyla,55
321,Drew,67
322,Adrian,54
323,Eva,82
324,Quincy,62
325,Zane,39
326,Nina,93
327,Yara,38
328,Alex,28
329,Otis,40
330,Xena,37
331,Pia,35
332,Zlatina,93
333,Hank,79
334,Quincy,50
335,Jace,55
336,Kai,82
337,Remy,97
338,Xander,44
339,Lola,89
340,Wren,76
341,Una,58
342,Aaron,80
343,Aria,66
344,Drew,95
345,Ben,59
346,Evgeni,49
347,Dax,69
348,Xyla,83
349,Jay,69
350,Raina,42
351,Sage,96
352,Penny,43
353,Gwen,52
354,Zia,57
355,Chloe,94
356,Poppy,53
357,Wade,88
358,Quincy,42
359,Marcus,58
360,Marc,72
361,Brett,93
362,Hope,93
363,Violet,47
364,Uly,80
365,Tony,51
366,Poppy,49
367,Sage,52
368,Eva,70
369,Ivy,54
370,Eva,90
371,Quincy,94
372,Petya,54
373,Jay,73
374,Radomir,76
375,Ben,47
376,Hank,39
377,Xyla,75
378,Marc,84
379,Gwen,84
380,Teodor,81
381,Eva,30
382,Eve,22
383,Violet,87
384,Lola,69
385,Una,41
386,Drew,55
387,Leo,34
388,Tate,53
389,Hristo,60
390,Nikolay,53
391,Will,74
392,Finn,45
393,Grace,33
394,Ivy,94
395,Yara,82
396,Dessislava,84
397,Hope,41
398,Vince,42
399,Rositsa,91
400,Marin,77
401,Marcus,70
402,Xena,51
403,Quinn,48
404,Nia,99
405,Chloe,66
406,Una,46
407,Dobromir,32
408,Abby,92
409,Flora,59
410,Zia,77
411,Spas,96
412,Chloe,74
413,Rose,51
414,Marcus,90
415,Ivy,66
416,Zia,65
417,Omar,46
418,Tihomir,60
419,Yael,36
420,Xena,89
421,Una,66
422,Sage,84
423,Aria,78
424,Vince,49
425,Zia,45
426,Aria,98
427,Zane,91
428,Tony,39
429,Dax,81
430,Quinn,76
431,Lena,95
432,Finn,51
433,Hope,65
434,Yael,96
435,Yara,58
436,Bella,29
437,Maya,66
438,Kiril,89
439,Radoslava,94
440,Genadi,86
441,Ursula,74
442,Ivy,100
443,Abby,32
444,Marc,44
445,Poppy,61
446,Omar,66
447,Sia,70
448,Iggy,36
449,Albena,82
450,Iskra,35
451,Zane,51
452,Elle,88
453,Lola,57
454,Gwen,64
455,Yara,70
456,Tara,73
457,Poppy,93
458,Remy,89
459,Finn,63
460,Stoyan,66
461,Ivy,60
462,Chloe,34
463,Tina,21
464,Cara,60
465,Zane,83
466,Kai,30
467,Quinn,80
468,Brett,65
469,Finn,43
470,Bozhidar,94
471,Dina,83
472,Vesela,79
473,Wade,48
474,Otis,80
475,Finn,71
476,Quincy,37
477,Xyla,43
478,Nina,45
479,Xena,81
480,Evdokiya,85
481,Sia,78
482,Lena,51
483,Tate,45
484,Vera,75
485,Jay,81
486,Una,78
487,Ognian,40
488,Xena,57
489,Quinn,88
490,Yael,44
491,Lola,37
492,Cara,40
493,Gergana,34
494,Nina,32
495,Pavlina,41
496,Marcus,46
497,Gia,66
498,Daniela,89
499,Xena,61
500,Omar,78
501,Nate,41
502,Ivy,48
503,Nia,51
504,Sia,38
505,Sage,56
506,Quincy,74
507,Tate,33
508,Yanko,36
509,Brett,73
510,Xyla,63
511,Kai,74
512,Hank,71
513,Finn,69
514,Elitsa,33
515,Otis,92
516,Angel,63
517,Hank,59
518,Poppy,41
519,Quinn,68
520,Emilia,67
521,Nikolina,92
522,Will,82
523,Quinn,96
524,Zia,97
525,Omar,94
526,Elle,96
527,Petia,93
528,Violet,79
529,Orlin,75
530,Darina,48
531,Chloe,42
532,Ivo,52
533,Nina,85
534,Ivaylo,70
535,Tate,77
536,Kai,88
537,Omar,86
538,Poppy,29
539,Kamelia,53
540,Rose,43
541,Jay,49
542,Vihra,97
543,Veda,53
544,Boryana,65
545,Drew,35
546,Ivy,80
547,Will,62
548,Ognyan,86
549,Elena,50
550,Dora,57
551,Gia,98
552,Asen,29
553,Uly,72
554,Simeon,43
555,Nia,79
556,Sage,32
557,Una,54
558,Will,94
559,Una,98
560,Marc,52
561,Hank,91
562,Krasimir,70
563,Olive,42
564,Liam,39
565,Remy,81
566,Quinn,36
567,Alice,30
568,Zdravko,46
569,Yara,50
570,Zornitsa,69
571,Pia,95
572,Yara,62
573,Remy,77
574,Yara,52
575,Blagovest,47
576,Tony,99
577,Quincy,54
578,Una,34
579,Xena,29
580,Eli,84
581,Ivy,92
582,Tanja,44
583,Veda,29
584,Sia,98
585,Lola,97
586,Stanimir,88
587,Rose,55
588,Gia,70
589,Yordan,84
590,Finn,97
591,Brett,33
592,Hope,73
593,Ruby,45
594,Steve,39
595,Nina,97
596,Nina,77
597,Zane,53
598,Svetlana,52
599,Rumyana,87
600,Otis,72
601,Kai,48
602,Gabe,60
603,Marc,32
604,Gwen,40
605,David,28
606,Aria,86
607,Jules,63
608,Ben,67
609,Wade,80
610,Paul,24
611,Filip,68
612,Margarit,73
613,Pia,47
614,Cedric,56
615,Lyudmil,72
616,Veda,33
617,Hope,53
618,Valeri,45
619,Hristina,51
620,Ben,35
621,Yulian,80
622,Pia,87
623,Paige,69
624,Kiril,90
625,Cara,100
626,Xander,77
627,Bogdana,64
628,Hank,87
629,Quincy,30
630,Xyla,31
631,Ivy,86
632,Dax,41
633,Rosen,58
634,Cara,48
635,Will,30
636,Nia,91
637,Lena,31
638,Elle,56
